Year;Afghanistan;Albania;Algeria;Andorra;Angola;Anguilla;Antigua and Barbuda;Argentina;Armenia;Aruba;Australia;Austria;Azerbaijan;Bahamas;Bahrain;Bangladesh;Barbados;Belarus;Belgium;Belize;Benin;Bermuda;Bhutan;Bonaire, Saint Eustatius and Saba;Bosnia and Herzegovina;Botswana;Brazil;British Virgin Islands;Brunei Darussalam;Bulgaria;Burkina Faso;Burundi;Cambodia;Canada;Cape Verde;Central African Republic;Chad;Chile;China;Colombia;Comoros;Congo;Cook Islands;Costa Rica;Côte d'Ivoire;Croatia;Cuba;Curaçao;Cyprus;Czech Republic;North Korea;Democratic Republic of the Congo;Denmark;Djibouti;Dominica;Dominican Republic;Ecuador;Egypt;El Salvador;Equatorial Guinea;Eritrea;Estonia;Ethiopia;Faeroe Islands;Micronesia (Federated States of);Fiji;Finland;France;French Guiana;French Polynesia;Gabon;Gambia;Georgia;Germany;Ghana;Greece;Greenland;Grenada;Guatemala;Guinea;Guinea-Bissau;Guyana;Haiti;Honduras;Hong Kong;Hungary;Iceland;India;Indonesia;Iraq;Ireland;Iran;Israel;Italy;Jamaica;Japan;Jordan;Kazakhstan;Kenya;Kiribati;Kosovo;Kuwait;Kyrgyzstan;Laos;Latvia;Lebanon;Lesotho;Liberia;Libya;Liechtenstein;Lithuania;Luxembourg;Macao;North Macedonia;Madagascar;Malawi;Malaysia;Maldives;Mali;Malta;Marshall Islands;Martinique;Mauritania;Mauritius;Mexico;Mongolia;Montenegro;Montserrat;Morocco;Mozambique;Myanmar;Namibia;Nauru;Nepal;Netherlands;New Caledonia;New Zealand;Nicaragua;Niger;Nigeria;Niue;Norway;Occupied Palestinian Territory;Oman;Pakistan;Palau;Panama;Papua New Guinea;Paraguay;Peru;Philippines;Bolivia;Poland;Portugal;Qatar;Cameroon;South Korea;Moldova;South Sudan;Sudan;Réunion;Romania;Russian Federation;Rwanda;Saint Helena;Saint Lucia;Sint Maarten (Dutch part);Samoa;Sao Tome and Principe;Saudi Arabia;Senegal;Serbia;Seychelles;Sierra Leone;Singapore;Slovakia;Slovenia;Solomon Islands;Somalia;South Africa;Spain;Sri Lanka;Saint Kitts and Nevis;Saint Pierre and Miquelon;Saint Vincent and the Grenadines;Suriname;Swaziland;Sweden;Switzerland;Syria;Taiwan;Tajikistan;Thailand;Timor-Leste;Togo;Tonga;Trinidad and Tobago;Tunisia;Turkey;Turkmenistan;Turks and Caicos Islands;Tuvalu;Uganda;Ukraine;United Arab Emirates;United Kingdom;Tanzania;USA;Uruguay;Uzbekistan;Vanuatu;Venezuela;Viet Nam;Wallis and Futuna Islands;Yemen;Zambia;Zimbabwe;KP Annex B;Non KP Annex B;OECD;Non-OECD;EU27;Africa;Asia;Central America;Europe;Middle East;North America;Oceania;South America;Bunkers;Statistical Difference;World
1959;0;0;2;NaN;0;NaN;0;13;2;0;23;8;5;0;0;1;0;12;24;0;0;0;NaN;0;1;NaN;11;NaN;0;5;0;0;0;50;0;0;0;3;197;4;0;0;NaN;0;0;1;4;3;0;25;5;1;7;0;0;0;0;3;0;0;NaN;3;0;0;NaN;0;4;72;0;0;0;0;3;206;0;2;0;0;0;0;0;0;0;0;1;11;0;28;7;2;3;7;2;26;1;53;0;24;1;NaN;NaN;1;2;0;2;1;NaN;0;0;NaN;3;3;0;1;0;0;1;NaN;0;0;NaN;0;0;0;16;0;0;NaN;1;0;1;NaN;NaN;0;18;0;3;0;0;1;NaN;3;NaN;NaN;3;NaN;0;0;0;2;2;0;52;2;0;0;3;3;0;0;0;14;232;0;NaN;0;0;0;0;1;0;4;NaN;0;0;8;1;0;0;26;14;1;NaN;0;0;0;0;12;5;1;3;1;1;NaN;0;0;1;0;5;4;NaN;NaN;0;70;0;149;0;770;1;12;NaN;18;2;NaN;1;1;2;1886;470;1587;770;528;40;361;11;1009;19;837;26;54;58,234;0;2415
1960;0;1;2;NaN;0;NaN;0;13;2;0;24;8;6;0;0;1;0;12;25;0;0;0;NaN;0;1;NaN;13;NaN;0;6;0;0;0;53;0;0;0;4;213;4;0;0;NaN;0;0;2;4;2;0;27;6;1;8;0;0;0;0;4;0;0;NaN;4;0;0;NaN;0;4;74;0;0;0;0;3;222;0;3;0;0;0;0;0;0;0;0;1;12;0;30;6;2;3;10;2;30;0;63;0;25;1;NaN;NaN;2;2;0;2;1;NaN;0;0;NaN;3;3;0;1;0;0;1;NaN;0;0;NaN;0;0;0;17;0;0;NaN;1;1;1;NaN;NaN;0;20;0;3;0;0;1;NaN;4;NaN;NaN;3;NaN;0;0;0;2;2;0;54;2;0;0;3;3;0;0;0;15;242;0;NaN;0;0;0;0;1;0;4;NaN;0;0;9;1;0;0;27;13;1;NaN;0;0;0;0;13;5;1;3;1;1;NaN;0;0;1;0;5;5;NaN;NaN;0;73;0;159;0;788;1;12;NaN;16;2;NaN;1;1;2;1979;504;1667;815;564;43;395;10;1071;25;858;28;54;65,022;0;2548
1961;0;1;2;NaN;0;NaN;0;14;2;0;25;9;6;0;0;1;0;13;25;0;0;0;NaN;0;2;NaN;13;NaN;0;7;0;0;0;53;0;0;0;4;150;5;0;0;NaN;0;0;2;3;3;0;29;7;1;9;0;0;0;0;5;0;0;NaN;4;0;0;NaN;0;4;77;0;0;0;0;3;228;0;3;0;0;0;0;0;0;0;0;1;13;0;33;7;2;3;10;2;34;1;77;0;26;1;0;NaN;3;2;0;2;1;NaN;0;0;NaN;4;3;0;1;0;0;1;NaN;0;0;NaN;0;0;0;18;0;0;NaN;1;1;1;NaN;NaN;0;21;0;3;0;0;1;NaN;4;NaN;NaN;3;NaN;0;0;0;2;2;0;57;2;0;0;4;3;0;0;0;15;249;0;NaN;0;0;0;0;1;0;4;NaN;0;1;9;1;0;0;28;15;1;NaN;0;0;0;0;13;6;1;3;1;1;NaN;0;0;1;0;5;5;NaN;NaN;0;75;0;161;0;785;1;13;NaN;14;2;NaN;1;1;1;2027;455;1705;777;589;44;354;10;1107;26;856;28;55;71,845;0;2553
1962;0;1;2;NaN;0;NaN;0;15;2;0;26;9;6;0;0;1;0;13;27;0;0;0;NaN;0;2;NaN;15;0;0;8;0;0;0;56;0;0;0;5;120;5;0;0;NaN;0;0;2;4;3;0;31;8;1;10;0;0;0;0;5;0;0;NaN;4;0;0;NaN;0;5;82;0;0;0;0;3;241;0;3;0;0;0;0;0;0;0;0;1;14;0;36;6;2;4;10;2;40;1;80;0;27;1;0;NaN;4;3;0;2;1;NaN;0;0;NaN;4;3;0;1;0;0;1;NaN;0;0;NaN;0;0;0;17;1;0;0;1;1;1;NaN;NaN;0;23;0;3;0;0;1;NaN;4;NaN;NaN;4;NaN;0;0;0;3;3;0;59;3;0;0;5;3;0;0;0;17;262;0;NaN;0;0;0;0;2;0;4;NaN;0;1;10;1;0;0;29;16;1;NaN;0;0;0;NaN;14;7;1;4;1;1;NaN;0;0;2;0;6;5;NaN;NaN;0;79;0;162;0;814;1;13;0;15;3;NaN;1;1;1;2124;446;1785;785;631;45;337;12;1169;30;888;29;59;74,403;0;2644
1963;0;1;1;NaN;0;NaN;0;14;2;0;28;10;7;0;0;1;0;14;29;0;0;0;NaN;0;2;NaN;15;0;0;9;0;0;0;58;0;0;0;5;119;6;0;0;NaN;0;0;2;4;3;0;33;9;1;11;0;0;0;0;6;0;0;NaN;4;0;0;NaN;0;5;91;0;0;0;0;4;258;0;3;0;0;0;0;0;0;0;0;1;15;0;39;6;3;4;11;2;45;1;89;0;29;1;0;NaN;5;3;0;2;1;NaN;0;0;NaN;4;3;0;1;0;0;2;NaN;0;0;NaN;0;0;0;18;0;0;0;1;0;1;NaN;NaN;0;25;0;3;0;0;1;NaN;4;NaN;NaN;4;NaN;0;0;0;3;3;0;63;3;2;0;6;3;0;0;0;19;281;0;NaN;0;0;0;0;2;0;5;0;0;1;11;1;0;0;30;16;1;NaN;0;0;0;NaN;15;8;1;4;1;2;NaN;0;0;0;1;6;5;NaN;NaN;0;85;0;165;0;850;1;14;0;15;2;NaN;1;1;1;2252;464;1887;829;682;48;355;10;1252;34;926;31;60;77,821;0;2794
1964;0;1;2;NaN;0;NaN;0;15;2;0;30;11;7;0;0;1;0;15;28;0;0;0;NaN;0;2;NaN;15;0;0;12;0;0;0;65;0;0;0;5;119;6;0;0;NaN;0;0;2;4;3;0;34;10;1;12;0;0;0;1;7;0;0;NaN;4;0;0;NaN;0;6;94;0;0;0;0;4;264;0;4;0;0;0;0;0;0;0;0;1;17;0;38;6;2;4;13;2;48;1;98;0;31;1;0;NaN;7;3;0;2;1;NaN;0;0;NaN;4;3;0;1;0;0;2;NaN;0;0;NaN;0;0;0;20;1;0;0;1;1;1;NaN;0;0;26;0;4;0;0;2;NaN;4;NaN;0;4;NaN;0;0;0;3;3;0;66;3;2;0;6;4;0;0;0;20;298;0;NaN;0;0;0;0;2;0;6;0;0;1;11;2;0;0;33;18;1;NaN;0;0;0;0;16;8;1;5;1;2;NaN;0;0;1;1;7;6;NaN;NaN;0;90;0;166;0;888;1;15;0;15;3;NaN;1;1;1;2363;491;1975;879;713;53;371;12;1309;40;973;34;63;85,181;0;2939
1965;0;1;2;NaN;0;NaN;0;16;3;0;33;10;7;0;0;1;0;16;29;0;0;0;NaN;0;2;NaN;15;0;0;13;0;0;0;69;0;0;0;5;130;6;0;0;NaN;0;0;2;4;2;0;33;12;1;12;0;0;0;1;8;0;0;NaN;5;0;0;NaN;0;7;96;0;0;0;0;4;262;0;5;0;0;1;0;0;0;0;0;1;17;0;42;7;5;4;15;4;52;1;105;0;33;1;0;NaN;10;3;0;2;1;NaN;0;0;NaN;4;3;0;1;0;0;2;NaN;0;0;NaN;0;0;0;21;1;0;0;1;1;1;NaN;0;0;27;0;4;0;0;3;NaN;4;NaN;0;5;NaN;0;0;0;3;4;0;67;3;2;0;7;4;0;1;0;21;317;0;NaN;0;0;0;0;1;0;6;0;0;1;11;2;0;0;35;19;1;NaN;0;0;0;0;17;8;1;5;1;2;NaN;0;0;1;1;7;6;NaN;NaN;0;96;0;170;0;925;2;16;0;17;4;NaN;1;1;1;2455;532;2043;945;725;58;403;12;1350;47;1014;37;66;88,051;0;3076
1966;0;1;2;NaN;0;NaN;0;17;3;0;33;11;8;0;0;1;0;17;29;0;0;0;NaN;0;2;NaN;18;0;0;13;0;0;0;71;0;0;0;5;142;6;0;0;NaN;0;0;2;4;2;0;33;13;1;14;0;0;0;1;7;0;0;NaN;5;0;0;NaN;0;8;95;0;0;0;0;4;260;0;5;0;0;0;0;0;0;0;0;1;17;0;44;6;8;4;17;4;58;1;114;0;35;1;0;NaN;10;3;0;3;1;NaN;0;1;NaN;5;3;0;1;0;0;3;NaN;0;0;NaN;0;0;0;22;1;0;0;1;1;1;NaN;0;0;28;0;4;0;0;4;NaN;5;NaN;0;5;NaN;0;0;0;4;4;0;69;3;2;0;8;4;0;1;0;23;334;0;NaN;0;0;0;0;2;0;6;0;0;0;11;2;0;0;35;21;1;NaN;0;0;0;0;20;9;1;5;2;3;NaN;0;0;1;1;9;6;NaN;NaN;0;101;0;169;0;971;1;17;0;16;5;NaN;1;1;2;2552;571;2119;1005;741;60;436;12;1391;54;1064;37;69;95,264;0;3219
1967;0;1;2;NaN;0;NaN;0;18;3;0;35;11;8;0;0;1;0;18;29;0;0;0;NaN;0;2;NaN;18;0;0;15;0;0;0;77;0;0;0;5;118;7;0;0;NaN;0;0;2;4;3;0;33;14;1;13;0;0;0;1;5;0;0;NaN;5;0;0;NaN;0;8;102;0;0;0;0;4;256;0;5;0;0;1;0;0;0;0;0;2;16;0;44;7;5;4;19;4;64;1;134;0;36;1;0;NaN;7;3;0;3;1;NaN;0;5;NaN;5;3;0;1;0;0;3;NaN;0;0;NaN;0;0;0;25;1;0;0;1;1;1;NaN;0;0;29;0;4;0;0;4;NaN;5;NaN;0;5;NaN;0;0;0;4;5;1;71;3;2;0;10;4;0;1;0;25;350;0;NaN;0;0;0;0;7;0;6;0;0;1;11;2;0;0;37;24;1;NaN;0;0;0;0;19;9;1;6;2;3;NaN;0;0;1;1;9;7;NaN;NaN;0;106;0;162;0;1008;1;18;0;18;6;NaN;1;1;1;2646;574;2193;1027;758;65;442;14;1422;56;1110;40;73;101,955;0;3322
1968;0;1;2;NaN;0;NaN;0;19;3;0;37;12;8;0;0;1;0;19;32;0;0;0;NaN;0;2;NaN;21;0;0;16;0;0;0;83;0;0;0;6;128;7;0;0;NaN;0;0;2;4;3;0;35;16;1;15;0;0;1;1;6;0;0;NaN;5;0;0;NaN;0;9;105;0;0;1;0;5;269;0;6;0;0;1;0;0;0;0;0;2;17;0;48;8;5;5;22;4;68;1;153;0;37;1;0;NaN;6;3;0;3;1;NaN;0;8;NaN;5;3;0;2;0;0;3;NaN;0;0;NaN;0;0;0;26;1;0;0;2;1;1;NaN;0;0;31;1;4;0;0;2;NaN;6;NaN;0;6;NaN;1;0;0;4;6;1;75;4;2;0;10;4;0;1;0;27;359;0;0;0;0;0;0;8;0;6;0;0;1;11;2;0;0;38;26;1;NaN;0;0;0;0;21;10;2;7;2;5;NaN;0;0;1;1;10;7;NaN;NaN;0;109;0;166;0;1045;1;18;0;18;6;NaN;3;1;2;2775;620;2309;1087;805;70;486;14;1488;64;1153;41;79;107,758;0;3503
1969;0;1;3;NaN;1;NaN;0;21;3;0;39;12;9;0;0;1;0;19;34;0;0;0;NaN;0;2;NaN;23;0;0;18;0;0;0;84;0;0;0;6;157;8;0;0;0;0;1;2;5;3;0;37;17;1;16;0;0;1;1;5;0;0;NaN;6;0;0;NaN;0;10;113;0;0;0;0;5;287;0;7;0;0;1;0;0;0;0;0;2;17;0;48;9;6;5;23;4;74;1;178;0;39;1;0;NaN;7;4;0;3;1;NaN;0;10;NaN;5;4;0;2;0;0;2;NaN;0;0;NaN;0;0;0;28;1;0;0;2;1;1;NaN;0;0;32;0;4;0;0;3;NaN;6;NaN;0;6;NaN;1;0;0;4;6;1;80;4;2;0;12;5;0;1;0;30;374;0;NaN;0;0;0;0;10;0;6;0;0;2;12;2;0;0;39;26;1;NaN;0;0;0;0;24;10;2;7;2;4;NaN;0;0;1;1;11;7;NaN;NaN;0;113;6;172;0;1098;2;19;0;19;7;NaN;1;1;2;2937;687;2451;1173;860;76;551;15;1571;73;1209;43;85;112,831;0;3737
1970;0;1;4;NaN;1;NaN;0;23;3;0;40;14;9;1;1;1;0;20;34;0;0;0;0;0;3;NaN;26;0;2;17;0;0;0;93;0;0;0;7;210;8;0;0;0;0;1;3;5;4;0;42;20;1;17;0;0;1;1;6;0;0;NaN;6;0;0;NaN;0;11;120;0;0;1;0;5;280;1;7;0;0;1;0;0;0;0;0;2;19;0;50;10;7;5;25;5;81;1;210;0;41;1;0;NaN;7;4;0;3;1;NaN;0;9;NaN;6;4;0;2;0;0;4;NaN;0;0;NaN;0;0;0;31;1;0;0;2;1;1;NaN;0;0;39;1;4;0;0;6;0;8;NaN;0;6;NaN;1;0;0;5;7;1;83;4;2;0;15;5;0;1;0;33;394;0;NaN;0;0;0;0;12;0;8;0;0;5;13;2;0;0;41;32;1;NaN;0;0;0;0;25;11;2;8;2;4;NaN;0;0;2;1;12;7;NaN;NaN;0;119;4;178;0;1181;2;20;0;20;8;NaN;1;1;2;3137;791;2631;1296;900;83;656;18;1650;78;1305;45;92;119,33;0;4047
1971;1;1;5;NaN;1;NaN;0;24;3;0;42;14;10;2;1;1;0;22;33;0;0;0;0;0;3;NaN;28;0;2;18;0;0;0;96;0;0;0;7;239;8;0;0;0;0;1;3;5;3;1;44;29;1;16;0;0;1;1;6;0;0;NaN;6;1;0;NaN;0;11;126;0;0;1;0;5;283;1;8;0;0;1;0;0;0;0;0;2;19;0;52;11;8;6;28;4;85;2;217;0;43;1;0;NaN;7;4;0;3;1;NaN;0;6;NaN;6;4;0;2;0;0;5;0;0;0;NaN;0;0;0;34;1;0;0;2;1;1;NaN;0;0;38;1;4;0;0;9;0;7;NaN;1;5;NaN;1;0;0;5;8;1;85;4;2;0;16;5;0;1;0;34;418;0;NaN;0;0;0;0;16;0;9;0;0;5;14;3;0;0;46;35;1;NaN;0;0;0;0;23;11;2;9;2;5;NaN;0;0;2;1;13;8;NaN;NaN;0;126;6;180;1;1188;2;21;0;17;7;NaN;1;1;2;3213;872;2680;1405;923;91;714;20;1709;91;1318;47;95;125,838;0;4210
1972;0;2;8;NaN;1;NaN;0;25;4;0;43;15;10;2;1;1;0;23;36;0;0;0;0;0;3;0;31;0;3;18;0;0;0;104;0;0;0;8;254;9;0;0;0;0;1;3;6;3;1;45;24;1;16;0;0;1;1;7;0;0;NaN;6;0;0;NaN;0;12;131;0;0;1;0;6;284;1;9;0;0;1;0;0;0;0;0;3;19;0;55;12;8;6;29;5;90;2;233;1;46;1;0;NaN;8;4;0;3;2;NaN;0;4;NaN;6;4;0;2;0;0;5;0;0;0;NaN;0;0;0;36;1;0;0;2;1;1;NaN;0;0;43;0;4;0;0;11;0;8;NaN;1;5;NaN;1;0;0;5;7;1;90;5;3;0;16;5;0;1;0;36;440;0;NaN;0;0;0;0;19;0;9;0;0;6;14;2;0;0;47;39;1;NaN;0;0;0;0;23;12;2;10;2;6;NaN;0;0;2;1;15;8;NaN;NaN;0;133;6;177;1;1244;2;22;0;17;6;NaN;0;1;2;3354;917;2795;1477;958;96;754;21;1771;98;1384;48;99;134,372;0;4406
1973;0;1;10;NaN;1;NaN;0;26;4;0;47;16;11;2;2;1;0;24;38;0;0;0;0;0;4;0;36;0;3;19;0;0;0;104;0;0;0;8;264;9;0;0;0;1;1;4;6;3;1;45;27;1;16;0;0;2;1;6;1;0;NaN;7;0;0;NaN;0;13;141;0;0;1;0;6;296;1;10;0;0;1;0;0;0;0;0;3;20;0;57;13;8;6;35;5;96;2;250;1;47;1;0;NaN;7;4;0;3;2;NaN;0;4;NaN;7;4;0;3;0;0;5;0;0;0;NaN;0;0;0;39;1;0;0;3;1;1;NaN;0;0;45;1;5;0;0;14;0;8;NaN;1;5;NaN;1;0;0;5;9;1;92;5;3;0;20;6;0;1;0;40;458;0;NaN;0;0;0;0;26;0;10;0;0;6;14;3;0;0;47;42;1;NaN;0;0;1;0;24;13;2;11;2;7;NaN;0;0;3;1;16;9;NaN;NaN;0;138;8;180;1;1300;2;23;0;18;7;NaN;1;1;3;3510;986;2930;1566;1008;103;796;23;1853;117;1443;53;107;143,979;0;4640
1974;1;1;9;NaN;1;NaN;0;26;4;0;47;16;11;2;1;1;0;25;37;0;0;0;0;0;4;0;39;0;2;19;0;0;0;106;0;0;0;7;269;10;0;0;0;1;1;4;6;3;1;45;28;1;15;0;0;2;2;7;1;0;NaN;7;0;0;NaN;0;13;136;0;0;1;0;6;290;1;10;0;0;1;0;0;0;0;0;3;20;0;59;14;8;6;39;5;98;2;250;1;49;1;0;NaN;5;5;0;4;2;NaN;0;3;NaN;7;4;0;3;0;0;5;0;0;0;NaN;0;0;0;42;1;0;0;3;1;1;NaN;0;0;44;1;5;1;0;17;0;8;NaN;1;6;NaN;1;0;0;6;8;1;94;6;3;0;21;6;0;1;0;41;476;0;NaN;0;0;0;0;27;1;10;0;0;6;14;3;0;0;48;47;1;NaN;0;0;0;0;22;11;3;11;2;7;NaN;0;0;3;1;17;9;NaN;NaN;0;144;9;168;1;1254;2;24;0;20;5;NaN;1;1;2;3471;1015;2868;1618;1003;106;808;23;1858;121;1402;53;114;133,565;0;4620
1975;1;1;9;NaN;1;NaN;0;26;4;0;48;15;12;2;2;1;0;26;33;0;0;0;0;0;4;0;41;0;2;20;0;0;0;108;0;0;0;6;312;10;0;0;0;1;1;4;7;2;1;47;29;1;15;0;0;2;2;8;1;0;NaN;7;0;0;NaN;0;13;122;0;0;1;0;6;274;1;11;0;0;1;0;0;0;0;0;3;21;0;64;15;9;6;38;5;93;2;237;1;52;1;0;NaN;5;5;0;4;2;NaN;0;3;NaN;7;3;0;3;0;0;5;0;0;0;NaN;0;0;0;45;1;0;0;3;1;1;NaN;0;0;42;1;5;1;0;13;0;8;NaN;2;6;NaN;1;0;0;6;9;1;102;6;3;0;22;6;0;1;0;44;500;0;NaN;0;0;0;0;23;1;11;0;0;7;15;3;0;0;50;49;1;NaN;0;0;1;0;22;11;3;12;2;7;NaN;0;0;3;2;18;9;NaN;NaN;0;151;8;165;1;1201;2;25;0;17;6;NaN;1;1;2;3413;1078;2779;1712;979;106;857;24;1865;119;1354;54;112;122,39;0;4613
1976;1;1;11;NaN;1;NaN;0;27;4;0;48;16;12;2;2;2;0;27;35;0;0;0;0;0;4;0;42;0;2;20;0;0;0;109;0;0;0;7;325;10;0;0;0;1;1;4;7;5;1;49;30;1;16;0;0;2;2;9;1;0;NaN;8;0;0;NaN;0;14;138;0;0;2;0;7;298;1;12;0;0;1;0;0;0;0;0;3;22;0;67;17;13;6;43;5;100;2;248;1;54;1;0;NaN;5;5;0;4;2;NaN;0;5;NaN;7;3;0;3;0;0;7;0;0;0;NaN;0;0;0;50;1;0;0;3;1;1;NaN;0;0;46;1;5;1;0;15;0;9;NaN;2;6;NaN;1;0;0;6;10;1;109;6;3;0;25;6;0;1;0;48;519;0;NaN;0;1;0;0;28;0;11;0;0;8;16;3;0;0;53;54;1;NaN;0;0;1;0;24;11;4;15;2;8;NaN;0;0;4;2;20;10;NaN;NaN;0;157;11;163;1;1257;2;26;0;16;4;NaN;1;1;3;3585;1153;2933;1805;1059;115;900;28;1971;139;1417;54;114;120,031;0;4858
1977;1;2;11;NaN;1;NaN;0;27;4;0;51;15;13;3;2;2;0;28;34;0;0;0;0;0;4;0;44;0;2;21;0;0;0;111;0;0;0;6;356;11;0;0;0;1;1;4;8;3;1;51;31;1;17;0;0;2;2;10;1;0;NaN;8;0;0;NaN;0;14;132;0;0;2;0;7;287;1;13;0;0;1;0;0;1;0;1;4;23;1;71;22;12;6;45;5;97;2;255;1;56;1;0;NaN;5;5;0;4;1;NaN;0;5;NaN;8;3;0;3;0;0;6;0;0;0;NaN;0;0;0;53;1;0;0;3;1;1;NaN;0;0;45;1;6;1;0;14;0;9;NaN;2;7;NaN;1;0;0;6;10;1;114;6;3;0;29;7;0;1;0;49;537;0;NaN;0;0;0;0;32;1;11;0;0;8;16;3;0;0;55;53;1;NaN;0;0;1;0;23;11;4;17;2;9;NaN;0;0;4;2;22;10;NaN;NaN;0;162;11;165;1;1292;2;27;0;17;4;NaN;1;1;3;3645;1223;2976;1892;1046;118;960;27;1984;146;1456;58;119;122,906;0;4991
1978;1;2;17;NaN;1;NaN;0;28;5;0;55;16;13;2;2;2;0;29;37;0;0;0;0;0;4;0;48;0;3;22;0;0;0;113;0;0;0;6;397;11;0;0;0;1;1;4;8;2;1;51;30;1;17;0;0;1;3;11;1;0;NaN;8;0;0;NaN;0;14;138;0;0;2;0;7;295;1;13;0;0;1;0;0;1;0;1;4;24;1;72;26;12;6;44;6;101;2;246;1;57;1;0;NaN;6;5;0;4;1;NaN;0;6;NaN;8;3;0;3;0;0;6;0;0;0;NaN;0;0;0;61;2;0;0;4;1;1;NaN;0;0;46;0;5;1;0;13;0;9;NaN;2;7;NaN;1;0;0;6;10;1;118;6;3;1;31;7;0;1;0;53;555;0;NaN;0;0;0;0;31;1;12;0;0;9;16;3;0;0;55;54;1;NaN;0;0;1;0;22;12;4;19;3;10;NaN;0;0;4;2;21;10;NaN;NaN;0;168;12;165;1;1333;2;28;0;19;4;NaN;1;1;3;3742;1307;3052;1997;1082;126;1009;27;2048;146;1507;61;126;124,609;0;5174
1979;1;2;12;NaN;1;NaN;0;30;5;0;56;17;13;2;2;2;0;29;38;0;0;0;0;0;4;0;51;0;2;22;0;0;0;121;0;0;0;7;406;12;0;0;0;1;1;5;9;2;1;50;30;1;17;0;0;2;3;12;1;0;NaN;8;1;0;NaN;0;15;145;0;0;2;0;7;305;1;14;0;0;1;0;0;0;0;1;4;23;1;75;26;14;7;45;6;105;2;260;1;58;1;0;NaN;5;5;0;4;2;NaN;1;7;NaN;8;3;0;3;0;0;7;0;0;0;NaN;0;0;0;66;2;0;0;4;1;1;NaN;0;0;51;0;5;0;0;19;0;9;NaN;2;8;NaN;1;0;0;6;10;1;120;7;4;0;36;7;0;1;0;53;560;0;NaN;0;0;0;0;38;1;13;0;0;10;16;4;0;0;60;55;1;NaN;0;0;1;0;23;11;6;21;3;10;NaN;0;0;5;2;20;10;NaN;NaN;0;169;10;176;1;1336;2;28;0;21;4;NaN;1;1;3;3819;1368;3133;2054;1118;136;1047;28;2102;156;1522;61;135;125,132;0;5312
1980;0;1;18;NaN;1;NaN;0;30;5;0;60;14;14;2;2;2;0;30;37;0;0;0;0;0;4;0;51;0;2;21;0;0;0;121;0;0;0;7;398;12;0;0;0;1;2;5;9;2;1;50;31;1;16;0;0;2;4;12;1;0;NaN;9;0;0;NaN;0;16;138;0;0;2;0;7;300;1;14;0;0;1;0;0;0;0;1;5;24;1;80;26;12;7;33;6;105;2;258;1;60;2;0;NaN;7;6;0;4;2;NaN;1;7;NaN;8;3;0;3;0;0;8;0;0;0;NaN;0;0;0;73;2;0;0;4;1;2;NaN;0;0;48;1;5;1;0;19;0;9;NaN;2;9;NaN;1;0;0;7;10;1;126;7;4;1;37;7;0;1;0;54;582;0;NaN;0;0;0;0;46;1;13;0;0;9;16;4;0;0;62;58;1;NaN;0;0;1;0;20;11;6;23;3;11;NaN;0;0;5;3;21;11;NaN;NaN;0;175;10;158;1;1287;2;29;0;25;5;NaN;1;1;3;3773;1392;3066;2099;1107;146;1051;27;2102;151;1481;66;139;122,01;0;5286
1981;1;2;13;NaN;1;NaN;0;28;5;0;63;15;13;1;2;2;0;29;34;0;0;0;0;0;5;0;47;0;0;22;0;0;0;117;0;0;0;7;394;12;0;0;0;1;1;5;9;2;1;50;31;1;14;0;0;2;5;14;0;0;NaN;8;1;0;NaN;0;14;124;0;0;2;0;7;286;1;14;0;0;1;0;0;0;0;0;5;24;0;86;27;9;7;31;6;102;2;253;2;59;2;0;NaN;7;5;0;4;2;NaN;1;8;NaN;8;3;0;4;0;0;8;0;0;0;NaN;0;0;0;77;2;0;0;4;1;2;NaN;0;0;45;0;5;1;0;18;0;9;NaN;2;9;NaN;1;1;0;7;9;1;112;7;4;1;38;7;0;1;0;54;571;0;0;0;0;0;0;48;1;14;0;0;7;16;4;0;0;70;56;1;0;0;0;1;0;19;11;7;20;3;10;NaN;0;0;5;3;22;11;NaN;NaN;0;172;10;153;1;1236;1;29;0;25;5;NaN;1;1;3;3637;1392;2951;2079;1049;150;1045;26;2026;151;1431;68;133;112,687;0;5142
1982;1;2;11;NaN;1;NaN;0;28;5;0;64;15;14;1;3;2;0;30;32;0;0;0;0;0;4;0;47;0;1;25;0;0;0;113;0;0;0;6;429;12;0;0;0;1;2;5;9;2;1;49;32;1;15;0;0;2;5;15;0;0;NaN;9;0;0;NaN;0;12;120;0;0;2;0;7;277;1;14;0;0;1;0;0;0;0;0;5;24;0;89;29;8;7;38;7;100;2;245;2;60;1;0;NaN;6;6;0;4;2;NaN;0;8;NaN;8;2;0;3;0;0;8;0;0;0;NaN;0;0;0;83;2;0;0;5;1;2;NaN;0;0;36;0;5;1;0;18;0;8;NaN;2;10;NaN;1;1;0;6;10;1;115;8;3;2;39;7;0;1;0;53;582;0;0;0;0;0;0;43;1;13;0;0;8;16;4;0;0;77;57;1;0;0;0;1;0;17;10;7;20;3;10;NaN;0;0;5;3;24;11;NaN;NaN;0;175;10;150;1;1174;1;29;0;25;5;NaN;2;1;2;3549;1452;2854;2148;1024;156;1082;26;2010;154;1370;70;134;102,116;0;5104
1983;1;2;14;NaN;1;NaN;0;29;5;0;61;14;14;1;2;2;0;30;28;0;0;0;0;0;5;0;45;0;1;25;0;0;0;111;0;0;0;6;452;13;0;0;0;1;1;5;8;1;1;49;34;1;14;0;0;2;5;16;1;0;NaN;9;1;0;NaN;0;11;116;0;0;2;0;7;276;1;15;0;0;1;0;0;0;0;1;6;24;0;96;29;10;7;41;6;98;2;240;2;61;1;0;NaN;6;6;0;5;2;NaN;0;8;NaN;8;2;0;3;0;0;10;0;0;0;NaN;0;0;0;76;2;0;0;5;1;2;NaN;0;0;37;0;5;1;0;16;0;9;NaN;2;11;NaN;1;1;0;6;10;1;115;8;3;2;41;7;0;1;0;55;590;0;0;0;0;0;0;44;1;14;0;0;10;16;4;0;0;80;56;1;0;0;0;0;0;16;11;8;23;3;11;NaN;0;0;4;3;25;11;NaN;NaN;0;178;10;149;1;1183;1;29;0;25;5;NaN;2;1;3;3550;1504;2839;2215;1013;162;1123;24;2012;162;1371;67;132;97,949;0;5152
1984;1;2;19;NaN;1;NaN;0;29;5;0;65;15;14;1;3;2;0;31;29;0;0;0;0;0;5;0;46;0;1;24;0;0;0;116;0;0;0;6;492;13;0;0;0;1;1;5;9;3;1;51;37;1;14;0;0;2;6;17;0;0;NaN;9;0;0;NaN;0;12;111;0;0;2;0;7;282;1;15;0;0;1;0;0;0;0;1;6;25;0;99;31;11;7;41;6;100;1;256;2;61;1;0;NaN;8;6;0;5;2;NaN;0;8;NaN;9;2;0;4;0;0;9;0;0;0;NaN;0;0;0;76;2;0;0;5;0;2;NaN;0;0;39;0;5;1;0;19;0;9;NaN;2;12;NaN;1;1;0;6;8;1;118;8;3;2;45;7;0;1;0;52;595;0;0;0;0;0;0;42;1;15;0;0;9;16;4;0;0;86;54;1;0;0;0;0;0;16;11;9;23;3;12;NaN;0;0;5;3;26;11;NaN;NaN;0;179;13;144;1;1220;1;30;0;25;5;NaN;2;1;3;3620;1583;2911;2293;1021;177;1190;26;2024;170;1411;71;134;98,327;0;5302
1985;1;2;20;NaN;1;NaN;0;27;5;0;66;15;15;0;3;3;0;33;28;0;0;0;0;0;5;0;49;0;1;24;0;0;0;115;0;0;0;6;533;13;0;0;0;1;2;6;9;4;1;50;39;1;16;0;0;2;5;17;1;0;NaN;9;0;0;NaN;0;14;110;0;0;2;0;8;285;1;16;0;0;1;0;0;0;0;1;6;23;0;109;33;12;7;44;7;101;1;249;2;66;1;0;NaN;8;6;0;5;2;NaN;0;8;NaN;9;3;0;4;0;0;10;0;0;0;NaN;0;0;0;78;2;1;0;5;0;2;NaN;0;0;40;0;6;1;0;19;0;9;NaN;2;13;NaN;1;1;0;5;8;1;121;7;3;2;49;8;0;1;0;53;642;0;0;0;0;0;0;47;1;15;0;0;9;16;4;0;0;88;55;1;0;0;0;0;0;17;11;8;23;3;13;NaN;0;0;6;3;29;12;NaN;NaN;0;193;14;153;1;1224;1;32;0;28;6;NaN;2;1;3;3704;1686;2940;2450;1037;182;1258;28;2113;183;1418;73;137;100,468;0;5490
1986;1;2;21;NaN;1;NaN;0;28;5;0;65;15;15;0;3;3;0;33;28;0;0;0;0;0;5;0;54;0;1;25;0;0;0;110;0;0;0;6;560;13;0;0;0;1;2;6;9;1;1;51;43;1;16;0;0;2;4;20;1;0;NaN;10;1;0;NaN;0;15;106;0;0;1;0;8;286;1;16;0;0;1;0;0;0;0;0;7;23;0;116;33;13;8;40;7;99;1;249;3;66;1;0;NaN;10;6;0;5;2;NaN;0;9;NaN;9;2;0;4;0;0;11;0;0;0;NaN;0;0;0;80;3;1;0;5;0;2;NaN;0;0;39;0;6;1;0;20;0;10;NaN;3;13;NaN;1;1;0;6;8;1;123;8;4;1;50;8;0;1;0;55;643;0;0;0;0;0;0;56;1;15;0;0;10;16;4;0;0;90;52;1;0;0;0;0;0;17;12;8;25;3;13;NaN;0;0;5;3;32;12;NaN;NaN;0;194;13;155;1;1225;1;32;0;30;6;NaN;2;1;4;3703;1758;2941;2520;1034;188;1304;24;2117;195;1416;73;145;107,533;0;5568
1987;1;2;23;NaN;2;NaN;0;31;5;0;70;16;15;0;3;3;0;33;28;0;0;0;0;0;5;0;56;0;1;25;0;0;0;118;0;0;0;6;598;14;0;0;0;1;2;6;9;1;1;50;48;1;16;0;0;3;4;20;1;0;NaN;9;1;0;NaN;0;16;104;0;0;1;0;8;282;1;17;0;0;1;0;0;0;0;1;8;23;1;124;34;14;8;43;7;104;1;246;3;66;1;0;NaN;9;6;0;5;2;NaN;0;9;NaN;9;2;0;4;0;0;11;0;0;1;NaN;0;1;0;84;3;1;0;5;0;1;NaN;0;0;41;0;7;1;0;16;0;9;NaN;3;14;NaN;1;1;1;7;9;1;127;9;3;1;53;8;0;1;0;58;641;0;0;0;0;0;0;52;1;15;0;0;9;16;4;0;0;90;52;1;0;0;0;0;0;16;11;10;27;3;15;NaN;0;0;5;3;35;12;NaN;NaN;0;193;13;156;1;1278;1;32;0;30;7;NaN;2;1;4;3770;1834;3019;2585;1044;188;1362;25;2122;199;1479;77;152;144,7;0;5749
1988;1;2;23;NaN;1;NaN;0;33;5;0;71;14;16;0;3;4;0;34;27;0;0;0;0;0;5;0;57;0;2;24;0;0;0;124;0;0;0;7;641;14;0;0;0;1;2;6;10;1;1;49;55;1;15;0;0;3;5;20;1;0;NaN;10;1;0;NaN;0;14;102;0;0;1;0;8;281;1;18;0;0;1;0;0;0;0;1;8;21;1;134;36;18;8;48;8;105;1;269;3;68;1;0;NaN;9;6;0;5;2;NaN;0;10;NaN;10;2;0;4;0;0;12;0;0;1;NaN;0;1;0;83;3;1;0;6;0;1;NaN;0;0;40;0;7;1;0;19;0;10;NaN;3;16;NaN;1;1;1;7;10;1;121;9;3;1;61;8;0;1;0;58;658;0;0;0;0;0;0;55;1;16;0;0;10;16;4;0;0;94;54;1;0;0;0;1;0;16;11;10;31;3;18;NaN;0;0;4;3;34;12;NaN;NaN;0;198;13;156;1;1333;1;33;0;32;6;NaN;3;1;4;3868;1950;3104;2715;1032;198;1470;25;2135;212;1541;79;158;149,544;0;5968
1989;1;2;22;NaN;1;NaN;0;32;5;0;76;15;15;1;3;4;0;33;29;0;0;0;0;0;5;0;58;0;2;24;0;0;0;126;0;0;0;9;651;14;0;0;0;1;2;6;10;1;1;47;58;1;13;0;0;3;6;20;1;0;NaN;10;1;0;NaN;0;14;107;0;0;2;0;8;275;1;20;0;0;1;0;0;0;0;1;8;21;1;148;36;20;8;52;9;110;2;279;2;66;1;0;NaN;10;6;0;5;2;NaN;0;10;NaN;9;3;0;4;0;0;14;0;0;1;NaN;0;1;0;98;3;1;0;6;0;1;NaN;0;0;44;0;7;0;0;11;0;9;NaN;3;16;NaN;1;1;1;6;11;1;115;11;4;2;64;8;0;1;0;58;643;0;0;0;0;0;0;56;1;16;0;0;11;15;4;0;0;93;61;1;0;0;0;1;0;15;11;9;33;3;21;NaN;0;0;4;4;38;12;NaN;NaN;0;194;15;159;1;1350;1;32;0;30;5;NaN;3;1;4;3896;2007;3174;2728;1043;191;1516;26;2128;224;1575;84;158;154,309;0;6057
1990;1;1;21;0;1;0;0;31;5;0;76;17;14;1;3;4;0;28;33;0;0;0;0;0;5;1;56;0;2;21;0;0;0;126;0;0;0;9;661;16;0;0;0;1;1;6;9;1;1;45;33;1;15;0;0;2;4;21;1;0;NaN;10;1;0;NaN;0;16;109;0;0;1;0;8;287;1;23;0;0;1;0;0;0;0;1;7;20;1;158;41;13;9;57;10;120;2;316;3;77;2;0;NaN;10;6;0;5;2;0;0;10;0;10;3;0;4;0;0;15;0;0;1;NaN;0;0;0;87;3;1;0;6;0;1;NaN;0;0;44;0;7;1;0;11;0;10;0;3;19;NaN;1;1;1;6;11;2;103;12;3;0;68;8;0;1;0;46;689;0;0;0;0;0;0;51;1;15;0;0;12;17;4;0;0;85;63;1;0;0;0;0;0;16;12;10;33;3;24;NaN;0;0;5;4;41;11;0;0;0;193;14;164;1;1400;1;30;0;33;6;NaN;3;1;4;4047;1995;3290;2751;1056;179;1570;26;2187;224;1612;84;159;153,4883935;0;6195
1991;1;1;22;0;1;0;0;32;5;0;76;18;14;1;3;4;0;26;34;0;0;0;0;0;4;1;59;0;1;17;0;0;0;123;0;0;0;8;693;15;0;0;0;1;1;5;8;1;1;41;32;1;18;0;0;3;4;21;1;0;NaN;9;1;0;NaN;0;15;116;0;0;1;0;6;277;1;23;0;0;1;0;0;0;0;1;8;19;1;168;49;12;9;62;10;119;2;319;3;74;1;0;NaN;4;5;0;5;2;0;0;12;0;10;3;0;3;0;0;18;0;0;1;NaN;0;0;0;90;3;0;0;7;0;1;0;0;0;47;0;7;1;0;11;0;9;0;3;18;NaN;1;1;1;6;12;2;102;13;5;0;72;6;0;1;0;38;654;0;0;0;0;0;0;73;1;11;0;0;12;15;4;0;0;89;66;1;0;0;0;1;0;16;13;12;36;2;26;NaN;0;0;5;4;43;10;0;0;0;173;15;166;1;1386;1;31;0;31;6;NaN;2;1;4;3965;2210;3287;2888;1039;187;1630;26;2106;250;1600;84;161;149,1779413;130;6324
1992;0;1;22;0;1;0;0;33;2;0;78;16;15;1;3;4;0;24;33;0;0;0;0;0;4;1;60;0;1;16;0;0;0;127;0;0;0;9;724;17;0;0;0;1;1;5;6;1;2;39;28;1;16;0;0;3;6;22;1;0;NaN;7;1;0;0;0;15;113;0;0;1;0;4;264;1;23;0;0;2;0;0;0;0;1;9;17;1;179;56;16;9;62;11;119;2;322;3;67;1;0;NaN;8;3;0;4;3;0;0;10;0;6;3;0;3;0;0;20;0;0;1;0;0;0;0;91;3;0;0;7;0;1;0;0;0;47;0;8;1;0;13;0;9;0;3;20;0;1;1;1;6;13;2;100;14;7;1;77;6;0;1;0;36;534;0;0;0;0;0;0;78;1;12;0;0;13;13;4;0;0;82;68;1;0;0;0;1;0;16;13;12;38;2;29;NaN;0;0;5;4;45;9;0;0;0;161;16;162;1;1414;1;30;0;29;6;NaN;3;1;5;3831;2142;3304;2670;1005;182;1680;25;1935;270;1633;86;164;151,8130766;0;6126
1993;0;1;22;0;2;0;0;32;1;0;79;17;13;0;4;4;0;21;33;0;0;0;0;0;3;1;62;0;1;16;0;0;0;128;0;0;0;9;774;17;0;0;0;1;1;5;5;1;2;38;26;1;17;0;0;3;7;25;1;0;NaN;5;1;0;0;0;15;108;0;0;1;0;3;261;1;23;0;0;2;0;0;0;0;1;9;17;1;185;60;17;9;64;12;117;2;320;3;60;2;0;NaN;13;2;0;3;3;0;0;11;0;4;3;0;3;0;0;24;0;0;1;0;0;0;0;92;3;0;0;7;0;1;0;0;0;47;0;8;1;0;12;0;10;0;4;21;0;1;1;1;7;13;2;100;13;8;1;88;4;0;1;0;34;507;0;0;0;0;0;0;86;1;10;0;0;14;13;4;0;0;87;66;1;0;0;0;1;0;16;12;12;42;1;33;NaN;0;0;5;4;47;8;0;0;0;139;18;158;1;1442;1;32;0;34;6;NaN;2;1;4;3787;2252;3326;2712;986;193;1748;25;1856;294;1662;88;173;152,3948861;0;6191
1994;0;1;24;0;1;0;0;33;1;0;80;17;11;0;4;5;0;17;34;0;0;0;0;0;1;1;65;0;1;15;0;0;0;132;0;0;0;10;822;18;0;0;0;1;1;4;6;1;2;36;24;0;18;0;0;3;4;23;1;0;0;5;1;0;0;0;17;107;0;0;1;0;2;256;1;24;0;0;2;0;0;0;0;1;8;17;1;196;61;19;10;72;13;116;2;335;4;51;2;0;NaN;15;2;0;3;3;0;0;12;0;4;3;0;3;0;0;25;0;0;1;0;0;0;0;96;2;0;0;8;0;2;0;0;0;47;1;8;1;0;10;0;10;0;4;23;0;1;1;1;6;15;2;98;14;8;1;94;3;0;1;0;33;448;0;0;0;0;0;0;84;1;10;0;0;17;12;4;0;0;92;69;1;0;0;0;1;0;16;12;13;43;1;37;NaN;0;0;5;4;46;9;0;0;0;114;20;157;1;1468;1;29;0;35;7;NaN;2;1;5;3744;2332;3380;2696;982;196;1825;26;1759;307;1695;89;178;158,9538759;0;6235
1995;0;1;26;0;3;0;0;35;1;0;83;17;9;0;4;6;0;16;34;0;0;0;0;0;1;1;70;0;1;16;0;0;0;135;0;0;0;11;891;16;0;0;0;1;2;5;7;1;2;36;22;1;17;0;0;4;6;26;1;0;0;5;1;0;0;0;16;108;0;0;1;0;1;256;1;24;0;0;2;0;0;0;0;1;9;17;1;208;62;20;10;74;14;122;3;338;4;49;2;0;NaN;15;1;0;2;3;0;0;12;0;4;3;0;3;0;0;31;0;0;1;0;0;0;0;91;2;0;0;8;0;2;0;0;1;47;1;8;1;0;9;0;11;0;4;23;0;1;1;1;7;16;3;99;15;9;1;102;3;0;1;0;35;440;0;0;0;0;0;0;64;1;11;0;0;11;12;4;0;0;99;73;2;0;0;0;1;0;16;12;11;45;1;43;NaN;0;0;4;4;49;9;0;0;0;106;19;155;1;1484;1;28;0;36;8;NaN;3;1;4;3767;2433;3425;2775;996;210;1923;29;1755;294;1710;92;187;167,8358711;0;6368
1996;0;1;26;0;3;0;0;37;1;0;85;18;9;0;4;6;0;16;35;0;0;0;0;0;1;1;77;0;1;16;0;0;0;139;0;0;0;13;930;16;0;0;0;1;2;5;7;1;2;37;20;1;20;0;0;5;7;26;1;0;0;5;1;0;0;0;17;113;0;0;1;0;1;262;1;24;0;0;2;0;0;0;0;1;8;17;1;225;70;19;10;75;14;121;3;342;4;45;2;0;NaN;14;2;0;3;3;0;0;12;0;4;3;0;3;0;0;31;0;0;1;0;0;0;1;94;2;0;0;8;0;2;0;0;1;50;1;8;1;0;10;0;11;0;4;26;0;1;1;1;7;17;3;103;14;9;1;110;3;0;1;0;36;431;0;0;0;0;0;0;70;1;13;0;0;13;12;4;0;0;99;70;2;0;0;0;1;0;17;12;12;47;1;47;NaN;0;0;6;5;54;8;0;0;0;96;20;161;1;1536;1;29;0;33;9;NaN;3;1;4;3838;2544;3534;2848;1019;213;2005;31;1768;305;1770;94;196;182,4719006;0;6564
1997;0;0;24;0;2;0;0;38;1;0;88;18;8;0;5;6;0;16;34;0;0;0;0;0;2;1;81;0;1;15;0;0;0;143;0;0;0;15;932;18;0;1;0;1;2;5;7;1;2;36;18;1;18;0;0;5;5;29;1;0;0;5;1;0;0;0;17;111;0;0;1;0;1;254;2;26;0;0;2;0;0;0;0;1;8;17;1;235;77;19;11;73;15;122;3;340;4;42;2;0;NaN;15;2;0;2;4;0;0;12;0;4;2;0;3;0;0;33;0;0;1;0;0;0;1;101;2;0;0;8;0;2;0;0;1;48;0;9;1;0;11;0;11;0;4;26;0;1;1;1;7;19;3;100;15;10;1;117;2;0;1;0;33;403;0;0;0;0;0;0;59;1;13;0;0;16;12;4;0;0;105;73;2;0;0;0;1;0;16;12;12;51;1;49;NaN;0;0;6;5;58;8;0;0;0;93;20;154;1;1557;2;29;0;36;12;NaN;3;1;4;3807;2603;3557;2853;1001;221;2041;31;1712;301;1801;97;207;192,1210152;0;6602
1998;0;0;29;0;2;0;0;38;1;0;91;18;9;1;5;6;0;16;36;0;0;0;0;0;3;1;84;0;1;15;0;0;1;146;0;0;0;16;891;18;0;0;0;1;2;5;7;0;2;34;16;0;17;0;0;5;6;33;2;0;0;5;1;0;0;0;16;116;0;0;1;0;1;252;2;27;0;0;2;0;0;0;0;1;11;17;1;240;59;20;11;84;15;126;3;329;4;41;3;0;NaN;14;2;0;2;4;0;0;12;0;4;2;0;3;0;0;31;0;0;1;0;0;0;1;106;2;0;0;9;0;2;0;0;1;48;0;8;1;0;10;0;12;0;4;26;0;2;1;1;8;19;3;93;16;9;1;99;2;0;1;0;29;398;0;0;0;0;0;0;57;1;14;0;0;13;12;4;0;0;103;75;2;0;0;0;1;0;16;12;14;54;1;43;NaN;0;0;5;5;58;9;0;0;0;90;22;155;1;1570;2;32;0;46;13;NaN;3;1;4;3807;2570;3557;2820;999;228;1957;31;1705;313;1821;101;221;203,729717;0;6581
1999;0;1;25;0;2;0;0;40;1;0;94;18;8;1;5;7;0;15;34;0;0;0;0;0;3;1;86;0;1;13;0;0;1;150;0;0;0;17;889;15;0;0;0;1;2;5;7;0;2;32;17;0;16;0;0;5;6;34;2;0;0;4;1;0;0;0;16;115;0;0;1;0;1;244;2;27;0;0;2;0;0;1;0;1;12;17;1;260;67;20;12;104;15;127;3;339;4;34;3;0;NaN;15;1;0;2;4;0;0;12;0;4;2;0;3;0;0;30;0;0;1;0;0;0;1;107;2;0;0;9;0;2;0;0;1;47;1;9;1;0;11;0;12;0;6;27;0;2;1;1;8;19;3;90;18;9;1;109;1;0;1;0;25;406;0;0;0;0;0;0;62;1;10;0;0;14;12;4;0;0;102;82;2;0;0;0;1;0;15;12;14;56;1;45;NaN;1;0;6;5;57;10;0;0;0;81;21;153;1;1591;2;33;0;47;13;NaN;4;0;4;3828;2630;3595;2862;983;226;2003;33;1681;338;1848;104;226;210,3667223;0;6668
2000;0;1;24;0;3;0;0;39;1;1;96;18;8;1;5;7;0;15;35;0;0;0;0;0;4;1;88;0;1;12;0;0;1;156;0;0;0;16;914;15;0;0;0;1;2;5;7;1;2;35;19;0;15;0;0;5;6;38;2;0;0;4;1;0;0;0;16;113;0;0;1;0;1;246;2;28;0;0;3;0;0;0;0;1;11;16;1;267;73;20;12;101;16;128;3;345;4;41;3;0;NaN;15;1;0;2;4;1;0;13;0;3;2;0;3;1;0;35;0;0;1;0;0;0;1;108;2;0;0;9;0;3;0;0;1;47;1;9;1;0;22;0;12;0;6;29;0;2;1;1;8;20;3;87;18;9;1;122;1;0;1;0;26;401;0;0;0;0;0;0;81;1;12;0;0;13;11;4;0;0;103;85;3;0;0;0;1;0;15;12;14;61;1;47;NaN;0;0;7;5;63;10;0;0;0;78;31;155;1;1637;1;33;0;41;14;NaN;4;0;4;3885;2758;3681;2962;986;242;2083;36;1681;372;1901;106;220;213,0625486;0;6856
2001;0;1;23;0;3;0;0;37;1;1;98;19;8;1;4;8;0;15;34;0;0;0;0;0;4;1;91;0;1;13;0;0;1;154;0;0;0;14;935;15;0;0;0;2;2;6;7;1;2;35;20;0;15;0;0;5;6;34;2;1;0;4;1;0;0;0;17;115;0;0;1;0;1;250;2;29;0;0;3;0;0;0;0;2;10;16;1;271;81;23;13;108;17;128;3;341;4;39;3;0;NaN;16;1;0;2;4;1;0;13;0;3;3;0;3;0;0;37;0;0;1;0;0;0;1;112;2;0;0;10;0;2;1;0;1;48;1;9;1;0;24;0;12;0;5;29;0;2;1;1;7;19;2;86;18;11;1;122;1;0;2;0;27;411;0;0;0;0;0;0;81;1;13;0;0;13;12;4;0;0;101;85;3;0;0;0;1;0;15;12;13;61;1;50;NaN;0;0;7;6;58;10;0;0;0;83;27;157;1;1610;1;33;0;47;16;0;4;1;3;3888;2814;3666;3036;1001;241;2122;37;1716;378;1877;108;223;212,0413715;0;6914
2002;0;1;24;0;3;0;0;34;1;1;99;20;8;1;4;9;0;15;35;0;1;0;0;0;4;1;89;0;1;13;0;0;1;156;0;0;0;15;1032;15;0;0;0;2;2;6;7;1;2;34;19;0;15;0;0;6;7;34;2;2;0;4;1;0;0;0;18;113;0;0;1;0;1;246;2;29;0;0;3;0;0;0;0;2;11;16;1;279;84;24;13;109;16;130;3;349;4;44;2;0;NaN;16;1;0;2;4;1;0;13;0;3;3;0;3;0;0;37;0;0;1;0;0;0;1;112;2;0;0;10;0;2;0;0;1;48;1;9;1;0;26;0;12;0;7;31;0;2;1;1;7;19;3;84;19;11;1;127;1;0;2;0;28;408;0;0;0;0;0;0;89;1;14;0;0;13;11;5;0;0;97;91;3;0;0;0;0;0;15;12;10;64;1;52;0;0;0;8;6;60;11;0;0;0;81;23;153;1;1622;1;35;0;53;19;0;4;1;3;3901;2954;3690;3165;1002;242;2259;38;1707;382;1890;110;226;216,9804209;0;7072
2003;0;1;25;0;2;0;0;37;1;1;101;21;8;1;5;9;0;15;35;0;1;0;0;0;4;1;87;0;1;14;0;0;1;160;0;0;0;15;1215;16;0;0;0;2;1;6;7;1;2;35;19;0;17;0;0;6;7;40;2;2;0;5;1;0;0;0;20;115;0;0;1;0;1;246;2;30;0;0;3;0;0;1;0;2;12;17;1;289;86;25;12;113;17;135;3;351;5;49;2;0;NaN;16;1;0;2;5;1;0;13;0;3;3;0;3;0;0;43;0;0;1;0;0;0;1;119;2;1;0;10;1;3;1;0;1;49;1;10;1;0;27;0;12;0;9;32;0;2;1;1;7;19;3;87;18;11;1;126;1;0;2;0;29;416;0;0;0;0;0;0;89;1;15;0;0;14;12;4;0;0;110;92;3;0;0;0;0;0;16;12;15;66;1;55;0;0;0;9;6;65;12;0;0;0;84;29;156;1;1635;1;34;0;52;21;0;5;1;3;3961;3229;3749;3442;1025;263;2479;40;1747;407;1915;112;227;226,483137;0;7417
2004;0;1;24;0;5;0;0;43;1;1;105;21;9;1;5;10;0;16;35;0;1;0;0;0;4;1;91;0;1;14;0;0;1;160;0;0;0;16;1399;15;0;0;0;2;2;6;7;1;2;35;20;0;15;0;0;5;8;41;2;2;0;5;1;0;0;0;19;116;0;0;1;0;1;242;2;30;0;0;3;0;0;1;1;2;11;17;1;307;93;31;13;121;16;136;3;350;5;51;2;0;NaN;17;2;0;2;5;1;0;14;0;4;3;0;3;0;0;47;0;0;1;0;0;0;1;120;2;1;0;12;1;3;1;0;1;50;1;10;1;0;27;0;12;1;8;35;0;2;1;1;9;20;3;88;18;12;1;131;1;0;3;0;28;418;0;0;0;0;0;0;108;1;16;0;0;13;12;5;0;0;123;97;3;0;0;0;0;0;15;12;14;68;1;60;0;0;0;9;6;67;13;0;0;0;85;31;156;1;1667;2;34;0;41;24;0;5;1;3;4000;3524;3793;3731;1028;281;2713;39;1755;443;1947;116;229;246,0045003;0;7770
2005;0;1;29;0;5;0;0;44;1;1;105;22;9;0;5;10;0;17;34;0;1;0;0;0;4;1;93;0;1;14;0;0;1;157;0;0;0;17;1575;16;0;0;0;2;2;6;7;1;2;34;20;0;14;0;0;5;8;45;2;2;0;5;1;0;0;0;16;116;0;0;1;0;1;236;2;31;0;0;3;0;0;0;1;2;12;17;1;324;94;31;13;127;15;136;3;352;6;55;2;0;NaN;19;2;0;2;5;1;0;14;0;4;3;0;3;0;0;50;0;0;1;0;0;0;1;127;2;0;0;12;0;3;1;0;1;48;1;10;1;0;29;0;12;1;8;37;0;2;1;1;10;20;3;88;19;14;1;125;1;0;3;0;28;422;0;0;0;0;0;0;108;2;14;0;0;10;12;5;0;0;114;101;3;0;0;0;0;0;15;12;14;70;1;61;0;0;0;10;6;72;13;0;0;1;85;31;156;1;1674;2;32;0;45;26;0;5;1;3;4007;3764;3801;3970;1022;286;2914;42;1753;461;1958;117;240;256,0587789;0;8027
2006;0;1;27;0;6;0;0;48;1;1;107;21;11;0;5;11;0;18;34;0;1;0;0;0;5;1;93;0;1;14;0;0;1;156;0;0;0;17;1741;17;0;0;0;2;2;6;7;1;2;35;21;0;16;0;0;5;8;48;2;2;0;4;1;0;0;0;19;113;0;0;1;0;2;240;3;31;0;0;3;1;0;0;1;2;11;16;1;344;95;27;13;137;17;135;3;346;6;60;3;0;NaN;20;1;0;2;4;1;0;14;0;4;3;0;3;0;0;49;0;0;1;0;0;0;1;130;3;1;0;13;1;3;1;0;1;47;1;10;1;0;27;0;12;1;11;39;0;2;1;1;8;18;4;92;18;17;1;127;1;0;3;0;29;438;0;0;0;0;0;0;118;1;17;0;0;12;12;5;0;0;122;98;3;0;0;0;0;0;15;12;14;68;1;62;0;0;0;12;6;77;13;0;0;1;91;33;155;2;1651;2;33;0;44;27;0;6;1;3;4002;4018;3785;4234;1025;297;3108;44;1779;493;1938;119;243;270,3433094;0;8290
2007;1;1;30;0;7;0;0;48;1;1;109;20;8;0;7;12;0;17;33;0;1;0;0;0;5;1;97;0;2;15;0;0;1;162;0;0;0;19;1873;16;0;0;0;2;2;7;7;2;2;35;17;0;15;0;0;5;9;51;2;2;0;5;2;0;0;0;18;110;0;0;1;0;2;232;3;31;0;0;3;1;0;0;1;2;12;16;1;371;103;17;13;140;17;133;3;355;6;62;3;0;NaN;20;2;0;2;4;1;0;13;0;4;3;0;3;0;0;50;0;0;1;0;0;0;1;131;3;1;0;14;1;3;1;0;1;47;1;10;1;0;26;0;13;1;12;43;0;2;2;1;9;19;3;92;17;17;2;135;1;0;4;0;30;438;0;0;0;0;0;0;105;1;16;0;0;13;11;5;0;0;127;101;3;0;0;0;0;0;14;12;18;75;1;63;0;0;0;12;6;85;15;0;0;1;92;36;153;2;1673;2;33;0;41;27;0;6;1;3;4028;4226;3828;4427;1014;308;3309;46;1766;492;1966;121;247;286,2300216;0;8541
2008;1;1;30;0;7;0;0;51;2;1;110;20;10;1;8;12;0;18;33;0;1;0;0;0;5;1;104;0;2;15;0;0;1;157;0;0;0;19;2013;18;0;0;0;2;2;6;8;2;2;34;19;0;14;0;0;6;8;53;2;2;0;5;2;0;0;0;16;108;0;0;1;0;1;233;2;30;0;0;3;1;0;0;1;2;12;16;1;399;114;25;13;146;19;130;3;336;6;63;3;0;2;22;2;1;2;5;1;0;15;0;4;3;0;3;1;0;55;0;0;1;0;0;0;1;135;3;1;0;14;1;3;1;0;1;48;1;10;1;0;26;0;12;1;11;42;0;2;1;1;11;21;4;90;16;18;1;138;1;0;4;0;29;447;0;0;0;0;0;0;118;1;14;0;0;16;11;5;0;0;135;92;3;0;0;0;1;0;14;12;18;71;1;62;0;0;0;12;7;84;15;0;0;1;89;42;149;2;1619;2;34;0;46;31;0;6;1;2;3930;4498;3733;4695;991;323;3487;46;1746;529;1910;122;266;290,2596322;0;8719
2009;2;1;33;0;8;0;0;49;1;1;111;18;9;0;8;13;0;17;29;0;1;0;0;0;6;1;98;0;2;12;0;0;1;148;0;0;0;18;2118;20;0;0;0;2;2;6;8;2;2;31;15;0;13;0;0;5;9;55;2;2;0;4;2;0;0;0;15;104;0;0;1;0;2;216;2;28;0;0;3;1;0;1;1;2;11;14;1;440;122;28;12;149;17;115;2;317;6;61;3;0;2;24;2;1;2;6;1;0;16;0;4;3;1;2;0;0;54;0;0;1;0;0;1;1;130;4;0;0;14;1;3;1;0;1;46;1;9;1;0;20;0;12;1;11;42;0;2;1;1;14;21;4;86;16;19;2;138;1;0;4;0;23;417;0;0;0;0;0;0;127;1;13;0;0;25;10;4;0;0;137;81;4;0;0;0;1;0;13;12;17;67;1;66;0;1;0;12;7;86;14;0;0;1;76;45;135;2;1499;2;29;0;46;34;0;7;1;1;3646;4663;3495;4814;912;326;3621;45;1607;550;1777;122;262;277,8954862;0;8587
2010;2;1;32;0;8;0;0;51;1;1;111;20;8;1;8;15;0;17;31;0;1;0;0;0;6;1;112;0;2;13;1;0;1;152;0;0;0;19;2320;21;0;1;0;2;2;6;9;1;2;32;14;1;13;0;0;6;10;54;2;2;0;5;2;0;0;0;17;106;0;0;1;0;2;227;3;27;0;0;3;1;0;1;1;2;11;14;1;458;117;30;11;154;19;118;2;331;6;68;3;0;2;24;2;1;2;5;1;0;17;0;4;3;0;2;1;0;59;0;1;1;0;0;1;1;127;4;1;0;15;1;4;1;0;1;50;1;10;1;0;31;0;13;1;13;42;0;2;1;1;16;23;4;91;14;20;2;154;1;0;4;0;23;440;0;0;0;0;0;0;141;2;12;0;0;15;11;4;0;0;127;77;4;0;0;0;1;0;14;12;17;72;1;70;0;1;0;13;7;86;16;0;0;1;80;43;140;2;1555;2;28;0;50;37;0;6;1;2;3781;4967;3617;5130;939;331;3886;47;1669;572;1834;122;287;295,0015986;0;9043
2011;3;1;33;0;8;0;0;52;1;1;110;19;9;0;8;15;0;17;29;0;1;0;0;0;6;1;117;0;3;15;1;0;1;155;0;0;0;21;2562;21;0;1;0;2;2;6;8;1;2;31;10;1;12;0;0;6;10;58;2;2;0;5;2;0;0;0;15;99;0;0;1;0;2;221;3;26;0;0;3;1;0;1;1;2;12;14;1;482;139;37;10;158;19;115;2;345;6;66;4;0;2;24;2;1;2;6;1;0;11;0;4;3;0;3;1;0;59;0;1;1;0;0;1;1;132;6;1;0;15;1;4;1;0;1;46;1;9;1;0;35;0;12;1;15;42;0;3;1;1;13;23;4;91;14;22;2;161;1;0;4;0;24;454;0;0;0;0;0;0;136;2;13;0;0;8;10;4;0;0;129;78;4;0;0;0;1;0;13;11;15;73;1;69;0;1;0;13;7;93;17;0;0;1;84;46;128;2;1519;2;31;0;47;40;0;6;1;3;3737;5297;3574;5460;911;339;4194;47;1647;589;1806;122;290;302,8179451;0;9337
2012;3;1;35;0;9;0;0;52;2;0;111;18;10;1;7;17;0;17;28;0;1;0;0;0;6;1;126;0;3;13;1;0;1;155;0;0;0;22;2629;22;0;1;0;2;2;5;8;2;2;30;10;1;11;0;0;6;10;57;2;2;0;5;2;0;0;0;14;99;0;0;1;0;2;222;4;25;0;0;3;1;0;1;1;2;12;13;1;530;144;42;10;164;20;110;2;356;6;67;3;0;2;27;3;1;2;6;1;0;14;0;4;3;0;2;1;0;59;0;1;1;0;0;1;1;135;10;1;0;16;1;3;1;0;1;45;1;10;1;0;32;0;12;1;16;42;0;3;1;1;15;24;5;89;14;25;2;159;1;0;4;0;24;458;0;0;0;0;0;0;154;2;12;0;0;13;10;4;0;0;126;76;4;0;0;0;1;0;13;12;12;70;1;74;0;1;0;12;7;97;18;0;0;1;83;59;133;2;1465;2;31;0;52;37;0;5;1;2;3684;5502;3528;5658;890;341;4337;46;1632;642;1756;123;308;300;0;9487
2013;2;1;36;0;9;0;0;52;2;0;109;18;10;1;9;17;0;17;28;0;1;0;0;0;6;2;135;0;2;12;1;0;1;157;0;0;0;22;2674;25;0;1;0;2;3;5;8;1;2;29;7;1;11;0;0;6;11;56;2;2;0;5;3;0;0;0;14;100;0;0;1;0;2;227;4;22;0;0;3;1;0;1;1;3;12;12;1;555;112;45;10;166;18;100;2;359;6;69;3;0;2;26;3;1;2;6;1;0;15;0;4;3;0;2;1;0;64;0;1;1;0;0;1;1;134;12;1;0;16;1;4;1;0;2;45;1;10;1;1;33;0;12;1;17;41;0;3;1;1;12;26;5;88;13;23;1;161;1;0;4;0;21;442;0;0;0;0;0;0;148;2;12;0;0;15;10;4;0;0;124;69;4;0;0;0;1;0;12;12;10;70;1;78;0;1;0;12;7;94;18;0;0;1;81;61;130;3;1505;2;30;0;50;38;0;7;1;3;3683;5561;3546;5698;868;346;4395;47;1590;634;1796;120;316;305;0;9549
2014;2;2;39;0;12;0;0;52;2;0;108;17;10;1;9;18;0;17;26;0;1;0;0;0;5;2;143;0;2;12;1;0;2;157;0;0;0;21;2680;25;0;1;0;2;3;5;7;2;2;28;8;1;10;0;0;6;12;61;2;2;0;5;3;0;0;0;13;91;0;0;1;0;2;216;4;21;0;0;4;1;0;1;1;3;12;12;1;596;114;45;10;175;17;95;2;345;7;76;4;0;2;25;3;1;2;6;1;0;16;0;4;3;0;2;1;0;66;0;1;1;0;0;1;1;131;8;1;0;16;2;4;1;0;2;43;1;10;1;1;35;0;12;1;16;42;0;3;2;1;13;28;5;85;13;29;2;160;1;0;5;0;21;443;0;0;0;0;0;0;164;2;10;0;0;15;9;4;0;0;132;70;5;0;0;0;1;0;12;11;8;71;1;76;0;1;0;13;8;99;19;0;0;1;70;59;120;3;1518;2;28;0;50;44;0;7;1;3;3622;5689;3494;5818;831;371;4446;47;1528;667;1807;120;326;308;0;9619
2015;2;1;41;0;9;0;0;53;1;0;110;18;10;1;9;20;0;16;28;0;2;0;0;0;5;1;135;0;2;13;1;0;2;157;0;0;0;22;2643;23;0;1;0;2;3;5;8;2;2;29;7;1;10;0;0;6;11;60;2;2;0;4;3;0;0;1;12;92;0;0;1;0;3;217;4;20;0;0;4;1;0;1;1;3;12;13;1;615;138;45;11;175;18;98;2;334;7;79;4;0;2;26;3;2;2;7;1;0;14;0;4;3;1;2;1;0;64;0;1;0;0;0;1;1;132;6;1;0;17;2;6;1;0;2;45;1;10;1;1;31;0;12;1;17;46;0;3;2;2;13;31;5;85;14;29;2;162;1;1;6;0;21;443;0;0;0;0;0;0;176;3;12;0;0;17;9;4;0;0;123;74;5;0;0;0;1;0;12;11;8;70;1;77;0;1;0;12;8;104;19;0;0;1;61;65;115;3;1477;2;28;0;47;50;0;4;1;3;3574;5717;3463;5828;846;358;4461;49;1530;690;1766;122;315;318,2515666;0;9610
2016;2;1;41;0;9;0;0;52;1;0;112;18;10;0;9;21;0;16;27;0;2;0;0;0;6;2;131;0;2;12;1;0;3;154;0;0;0;23;2607;28;0;1;0;2;3;5;8;1;2;29;7;1;10;0;0;7;11;64;2;2;0;5;4;0;0;1;13;93;0;0;1;0;3;218;5;19;0;0;4;1;0;1;1;3;12;13;1;653;155;53;11;177;17;97;2;328;7;79;5;0;2;28;3;4;2;7;1;0;12;0;4;2;1;2;1;0;67;0;1;0;0;0;1;1;132;7;1;0;17;2;7;1;0;2;45;1;9;1;1;32;0;12;1;16;55;0;3;2;2;14;33;6;88;14;28;2;169;1;0;5;0;21;442;0;0;0;0;0;0;154;3;12;0;0;11;10;4;0;0;126;71;6;0;0;0;1;0;12;11;8;72;2;77;0;1;0;11;8;110;19;0;0;1;64;62;109;3;1444;2;29;0;45;51;0;3;1;3;3531;5758;3433;5856;847;365;4501;48;1528;680;1731;124;313;323,6577623;0;9613
2017;2;1;42;0;10;0;0;51;1;0;113;19;10;1;9;22;0;17;27;0;2;0;0;0;6;2;132;0;3;13;1;0;3;156;0;0;0;23;2661;25;0;1;0;2;3;5;7;1;2;29;6;1;9;0;0;7;11;68;2;2;0;5;4;0;0;1;12;94;0;0;1;0;3;215;4;20;0;0;5;1;0;1;1;3;12;14;1;671;145;57;11;198;17;96;2;324;7;84;5;0;2;29;3;5;2;8;1;0;12;0;4;3;1;2;1;0;68;0;1;0;0;0;1;1;126;9;1;0;17;2;6;1;0;3;45;1;10;1;1;36;0;12;1;18;63;0;3;2;2;14;37;6;92;15;29;2;169;1;0;6;0;21;449;0;0;0;0;0;0;158;3;12;0;0;11;10;4;0;0;127;75;6;0;0;0;1;0;12;10;7;74;2;78;0;1;0;11;8;116;19;0;0;1;61;51;106;3;1434;2;30;0;40;50;0;3;2;3;3528;5874;3424;5978;854;379;4583;47;1536;707;1716;126;308;340,7740544;1,19E-12;9742,4533
2018;3;1;45;0;10;0;0;50;2;0;114;18;10;1;9;23;0;17;27;0;2;0;0;0;6;2;127;0;3;12;1;0;4;160;0;0;0;23;2717;25;0;1;0;2;3;5;7;1;2;28;10;1;9;0;0;7;11;69;2;2;0;5;4;0;0;1;13;90;0;0;1;0;3;206;4;20;0;0;5;1;0;1;1;3;12;14;1;707;157;58;11;206;17;95;2;310;7;87;5;0;2;28;3;9;2;8;1;0;12;0;4;3;1;2;1;0;68;0;1;0;0;0;1;1;123;18;1;0;18;2;7;1;0;4;44;2;10;1;1;37;0;12;1;19;68;0;3;2;2;15;38;6;92;14;30;2;173;2;0;6;0;21;462;0;0;0;0;0;0;157;3;13;0;0;10;10;4;0;0;129;74;6;0;0;0;1;0;11;10;7;75;2;80;0;1;0;10;8;114;21;0;0;1;63;51;104;3;1481;2;31;0;35;58;0;3;2;3;3557;6037;3439;6155;834;389;4722;48;1529;715;1764;127;299;345,9853247;6,65E-12;9939,877649
2019;3;2;47;0;10;0;0;49;2;0;112;19;11;1;9;28;0;17;27;0;2;0;0;0;7;2;127;0;2;11;1;0;4;157;0;0;0;23;2777;28;0;1;0;2;4;5;7;1;2;28;11;1;9;0;0;7;11;67;2;2;0;4;4;0;0;1;11;88;0;0;1;0;3;192;4;18;0;0;6;1;0;1;1;3;11;13;1;714;169;60;10;213;18;92;2;302;7;86;5;0;3;29;3;9;2;8;1;0;13;0;4;3;1;2;1;0;68;0;1;0;0;0;1;1;120;18;1;0;20;2;7;1;0;4;42;2;10;2;1;38;0;12;1;20;68;0;3;2;2;15;39;6;88;13;30;2;167;2;0;6;0;20;458;0;0;0;0;0;0;159;3;15;0;0;11;9;4;0;0;131;69;7;0;0;0;1;0;12;10;7;72;2;79;0;1;0;10;8;111;23;0;0;2;61;52;101;3;1442;2;30;0;32;68;0;3;2;3;3460;6139;3336;6264;796;395;4800;49;1487;726;1720;126;296;345,9853247;3,01E-12;9945,622216